CAP,Capella,27 Bears
CAP,Capella,27 Fish
CAP,Capella,Acai
CAP,Capella,Amaretto
CAP,Capella,Anise
CAP,Capella,Apple Pie
CAP,Capella,Apple Pie v2
CAP,Capella,Apple Snacks
CAP,Capella,Apricot
CAP,Capella,Banana
CAP,Capella,Banana Split
CAP,Capella,Bavarian Cream
CAP,Capella,Biscuit
CAP,Capella,Black Currant
CAP,Capella,Blackberry
CAP,Capella,Blue Raspberry Cotton Candy
CAP,Capella,Blueberry
CAP,Capella,Blueberry Cinnamon Crumble
CAP,Capella,Blueberry Extra
CAP,Capella,Blueberry Jam
CAP,Capella,Blueberry Pomegranate
CAP,Capella,Bold Tobacco
CAP,Capella,Boston Cream Pie
CAP,Capella,Boston Cream Pie v2
CAP,Capella,Bubble Gum
CAP,Capella,Butter Cream
CAP,Capella,Butter Pecan
CAP,Capella,Butterscotch
CAP,Capella,Cake Batter
CAP,Capella,Candied Watermelon
CAP,Capella,Cantaloupe
CAP,Capella,Cappuccino
CAP,Capella,Cappuccino v2
CAP,Capella,Caramel
CAP,Capella,Caramel v2
CAP,Capella,Cereal 27
CAP,Capella,Chai Tea
CAP,Capella,Cherry Cola
CAP,Capella,Chocolate Caramel Nut
CAP,Capella,Chocolate Coconut Almond
CAP,Capella,Chocolate Fudge Brownie
CAP,Capella,Chocolate Fudge Brownie v2
CAP,Capella,Chocolate Glazed Doughnut
CAP,Capella,Churro
CAP,Capella,Cinnamon Coffee Cake
CAP,Capella,Cinnamon Danish Swirl
CAP,Capella,Cinnamon Danish Swirl v2
CAP,Capella,Cinnamon Sugar
CAP,Capella,Coconut
CAP,Capella,Cola
CAP,Capella,Concord Grape
CAP,Capella,Cool Mint
CAP,Capella,Cotton Candy
CAP,Capella,Cranberry
CAP,Capella,Creamy Yogurt
CAP,Capella,Cucumber
CAP,Capella,Cup of Joe
CAP,Capella,Double Apple
CAP,Capella,Double Chocolate
CAP,Capella,Double Chocolate v2
CAP,Capella,Double Watermelon
CAP,Capella,Dragon Fruit
CAP,Capella,Dutch Chocolate Mint
CAP,Capella,Egg Nog
CAP,Capella,Energy Drink
CAP,Capella,Espresso
CAP,Capella,Fig
CAP,Capella,French Toast
CAP,Capella,French Vanilla
CAP,Capella,French Vanilla v2
CAP,Capella,Fruit Circles
CAP,Capella,Fuji Apple
CAP,Capella,Funnel Cake
CAP,Capella,Gingerbread
CAP,Capella,Glazed Doughnut
CAP,Capella,Golden Butter
CAP,Capella,Golden Pineapple
CAP,Capella,Graham Cracker
CAP,Capella,Graham Cracker v2
CAP,Capella,Grape
CAP,Capella,Grape Concord
CAP,Capella,Grapefruit
CAP,Capella,Greek Yogurt
CAP,Capella,Green Apple
CAP,Capella,Green Apple Hard Candy
CAP,Capella,Grenadine
CAP,Capella,Harvest Berry
CAP,Capella,Hazelnut
CAP,Capella,Hazelnut v2
CAP,Capella,Hibiscus
CAP,Capella,Honey
CAP,Capella,Honeydew Melon
CAP,Capella,Horchata
CAP,Capella,Hot Cinnamon Candy
CAP,Capella,Hot Cocoa
CAP,Capella,Irish Cream
CAP,Capella,Italian Lemon Sicily
CAP,Capella,Jelly Candy
CAP,Capella,Juicy Lemon
CAP,Capella,Juicy Orange
CAP,Capella,Juicy Peach
CAP,Capella,Kiwi
CAP,Capella,Kiwi Strawberry
CAP,Capella,Lemon Lime
CAP,Capella,Lemon Meringue Pie
CAP,Capella,Lemon Meringue Pie v2
CAP,Capella,Lime
CAP,Capella,Maple
CAP,Capella,Marshmallow
CAP,Capella,Menthol
CAP,Capella,Meringue
CAP,Capella,Milk Chocolate Toffee
CAP,Capella,New York Cheesecake
CAP,Capella,New York Cheesecake v2
CAP,Capella,Orange Creamsicle
CAP,Capella,Orange Mango
CAP,Capella,Passion Fruit
CAP,Capella,Peach with Stevia
CAP,Capella,Peaches and Cream
CAP,Capella,Peaches and Cream v2
CAP,Capella,Peanut Butter
CAP,Capella,Peanut Butter v2
CAP,Capella,Pear
CAP,Capella,Peppermint
CAP,Capella,Pina Colada
CAP,Capella,Pina Colada v2
CAP,Capella,Pink Lemonade
CAP,Capella,Pomegranate
CAP,Capella,Pomegranate v2
CAP,Capella,Popcorn
CAP,Capella,Popcorn v2
CAP,Capella,Powerful Sour
CAP,Capella,Pralines and Cream
CAP,Capella,Pumpkin Pie
CAP,Capella,Rainbow Candy
CAP,Capella,Raspberry
CAP,Capella,Raspberry v2
CAP,Capella,Root Beer
CAP,Capella,Simply Vanilla
CAP,Capella,Smooth Tobacco
CAP,Capella,Spearmint
CAP,Capella,Strawberries and Cream
CAP,Capella,Strawberry Taffy
CAP,Capella,Sugar Cookie
CAP,Capella,Sugar Cookie v2
CAP,Capella,Super Sweet
CAP,Capella,Sweet Cream
CAP,Capella,Sweet Guava
CAP,Capella,Sweet Lychee
CAP,Capella,Sweet Mango
CAP,Capella,Sweet Strawberry
CAP,Capella,Sweet Tangerine
CAP,Capella,Sweet Tea
CAP,Capella,Sweet Watermelon
CAP,Capella,Toasted Almond
CAP,Capella,Vanilla Bean Ice Cream
CAP,Capella,Vanilla Cupcake
CAP,Capella,Vanilla Cupcake V2
CAP,Capella,Vanilla Custard
CAP,Capella,Vanilla Custard v2
CAP,Capella,Vanilla Whipped Cream
CAP,Capella,Waffle
CAP,Capella,Whipped Marshmallow
CAP,Capella,Wild Cherry with Stevia
CAP,Capella,Yellow Cake
CAP,Capella,Yellow Peach
FA,FlavourArt,7 Leaves Ultimate
FA,FlavourArt,AAA Magic Mask
FA,FlavourArt,Ace Asso
FA,FlavourArt,Almond
FA,FlavourArt,Anise
FA,FlavourArt,Apple
FA,FlavourArt,Apple Pie
FA,FlavourArt,Apricot
FA,FlavourArt,Aurora
FA,FlavourArt,Banana
FA,FlavourArt,Bavarian Cream
FA,FlavourArt,Bergamot
FA,FlavourArt,Bilberry
FA,FlavourArt,Bitter Wizard
FA,FlavourArt,Black Fire
FA,FlavourArt,Black Pepper
FA,FlavourArt,Black Tea
FA,FlavourArt,Black Touch
FA,FlavourArt,Blackberry
FA,FlavourArt,Blackcurrant
FA,FlavourArt,Blenderize
FA,FlavourArt,Blood Orange
FA,FlavourArt,Brandy
FA,FlavourArt,Breakfast Cereal
FA,FlavourArt,Burley
FA,FlavourArt,Butter
FA,FlavourArt,Butterscotch
FA,FlavourArt,Cam Blend Ultimate
FA,FlavourArt,CandyJammy Wizard
FA,FlavourArt,Cantaloupe
FA,FlavourArt,Cappuccino
FA,FlavourArt,Caramel
FA,FlavourArt,Cardamom
FA,FlavourArt,Catalan Cream
FA,FlavourArt,Cherry
FA,FlavourArt,Cherry Black
FA,FlavourArt,Chocolate
FA,FlavourArt,Chocolate Glazed Doughnut
FA,FlavourArt,Cigar Passion
FA,FlavourArt,Cinnamon
FA,FlavourArt,Citrus Mix
FA,FlavourArt,Clove
FA,FlavourArt,Cocoa
FA,FlavourArt,Coconut
FA,FlavourArt,Cocoon
FA,FlavourArt,Coffee Espresso
FA,FlavourArt,Cola
FA,FlavourArt,Cookie
FA,FlavourArt,Corn
FA,FlavourArt,Cornish Cream Tea
FA,FlavourArt,Cowboy Blend
FA,FlavourArt,Cream Fresh
FA,FlavourArt,Croissant
FA,FlavourArt,Cuban Supreme
FA,FlavourArt,Cucumber
FA,FlavourArt,Custard
FA,FlavourArt,Custard Cream
FA,FlavourArt,Custard Premium
FA,FlavourArt,Dark Vapure
FA,FlavourArt,Desert Ship
FA,FlavourArt,Dragonfruit
FA,FlavourArt,Dusk
FA,FlavourArt,Fig Fresh
FA,FlavourArt,Flash
FA,FlavourArt,Florida Key Lime
FA,FlavourArt,Forest Fruit
FA,FlavourArt,Fuji Apple
FA,FlavourArt,Gin
FA,FlavourArt,Glory
FA,FlavourArt,Graham Crust
FA,FlavourArt,Grape Concord
FA,FlavourArt,Grape White
FA,FlavourArt,Grapefruit
FA,FlavourArt,Green Tea
FA,FlavourArt,Guava
FA,FlavourArt,Hazelnut
FA,FlavourArt,Honey
FA,FlavourArt,Hypnotic Myst
FA,FlavourArt,Irish Cream
FA,FlavourArt,Jack Fante
FA,FlavourArt,Jasmine
FA,FlavourArt,Joker Burlone
FA,FlavourArt,Joy
FA,FlavourArt,Juicy Strawberry
FA,FlavourArt,King RE
FA,FlavourArt,Kiwi
FA,FlavourArt,Labyrinth
FA,FlavourArt,Latakia
FA,FlavourArt,Lavender
FA,FlavourArt,Lemon Sicily
FA,FlavourArt,Lemon Zest
FA,FlavourArt,Lime Tahity
FA,FlavourArt,Liquid Amber
FA,FlavourArt,Lychee
FA,FlavourArt,Madagascar
FA,FlavourArt,MadMix
FA,FlavourArt,Mandarin
FA,FlavourArt,Mango
FA,FlavourArt,Mangosteen
FA,FlavourArt,Maple
FA,FlavourArt,Marshmallow
FA,FlavourArt,Marzipan
FA,FlavourArt,Maxx Blend
FA,FlavourArt,Mellow Sunset
FA,FlavourArt,Menthol
FA,FlavourArt,Meringue
FA,FlavourArt,Metaphor
FA,FlavourArt,Milk
FA,FlavourArt,Milk Condensed
FA,FlavourArt,Monsoon
FA,FlavourArt,Morning Sun
FA,FlavourArt,MTS Vape Wizard
FA,FlavourArt,New York Cheesecake
FA,FlavourArt,Nonnas Cake
FA,FlavourArt,Nut Mix
FA,FlavourArt,Oak Wood
FA,FlavourArt,Oba Oba
FA,FlavourArt,Orange
FA,FlavourArt,Pandoro
FA,FlavourArt,Papaya
FA,FlavourArt,Passion
FA,FlavourArt,Peach
FA,FlavourArt,Peach White
FA,FlavourArt,Peanut
FA,FlavourArt,Pear
FA,FlavourArt,Peppermint
FA,FlavourArt,Perique Black
FA,FlavourArt,Pineapple
FA,FlavourArt,Pistachio
FA,FlavourArt,Polar Blast
FA,FlavourArt,Pomegranate
FA,FlavourArt,Queen Regina
FA,FlavourArt,Raspberry
FA,FlavourArt,Rose
FA,FlavourArt,Royal
FA,FlavourArt,Royal Orange Juice
FA,FlavourArt,Rum Jamaican Special
FA,FlavourArt,RY4
FA,FlavourArt,Saffron
FA,FlavourArt,Shade
FA,FlavourArt,Soho
FA,FlavourArt,Sour Wizard
FA,FlavourArt,Spearmint
FA,FlavourArt,Storm
FA,FlavourArt,Strawberry
FA,FlavourArt,Summer Clouds
FA,FlavourArt,Tiramisu
FA,FlavourArt,Torrone
FA,FlavourArt,Tuscan Reserve
FA,FlavourArt,Vanilla Bourbon
FA,FlavourArt,Vanilla Ice Cream
FA,FlavourArt,Vanilla Tahity
FA,FlavourArt,Vienna Cream
FA,FlavourArt,Violet
FA,FlavourArt,Virginia
FA,FlavourArt,Walnut
FA,FlavourArt,Watermelon
FA,FlavourArt,Whipped Cream
FA,FlavourArt,Whisky
FA,FlavourArt,Wine Champagne
FA,FlavourArt,Ylang Ylang
FA,FlavourArt,Yogurt
FA,FlavourArt,Yougurt
FA,FlavourArt,Zen Garden
FA,FlavourArt,Zeppola
FLV,Flavorah,Alpine Strawberry
FLV,Flavorah,Apple Cider
FLV,Flavorah,Apple Filling
FLV,Flavorah,Apple Pop
FLV,Flavorah,Apricot
FLV,Flavorah,Banana
FLV,Flavorah,Basil
FLV,Flavorah,Beer Nuts
FLV,Flavorah,Berry Blend
FLV,Flavorah,Bing Cherry
FLV,Flavorah,Biscotti
FLV,Flavorah,Black Cherry
FLV,Flavorah,Black Tea
FLV,Flavorah,Blood Orange
FLV,Flavorah,Blueberry
FLV,Flavorah,Blueberry Muffin
FLV,Flavorah,Bourbon
FLV,Flavorah,Boysenberry
FLV,Flavorah,Brie Cheese
FLV,Flavorah,Bubble Gum
FLV,Flavorah,Butterscotch
FLV,Flavorah,Candy Roll
FLV,Flavorah,Cantaloupe
FLV,Flavorah,Caramel
FLV,Flavorah,Cavendish
FLV,Flavorah,Cheesecake
FLV,Flavorah,Cherimoya
FLV,Flavorah,Chocolate Deutsch
FLV,Flavorah,Cinnamon Crunch
FLV,Flavorah,Coconut
FLV,Flavorah,Coffee
FLV,Flavorah,Connecticut Shade
FLV,Flavorah,Cookie
FLV,Flavorah,Cookie Dough
FLV,Flavorah,Cool Menthol
FLV,Flavorah,Cotton Candy
FLV,Flavorah,Cranberry
FLV,Flavorah,Cream
FLV,Flavorah,Cream and Cookies
FLV,Flavorah,Creme de Menthe
FLV,Flavorah,Crunch Cereal
FLV,Flavorah,Cupcake Batter
FLV,Flavorah,Cured Tobacco
FLV,Flavorah,Custard
FLV,Flavorah,Dragon Fruit
FLV,Flavorah,Eggnog
FLV,Flavorah,Elderflower
FLV,Flavorah,Fig
FLV,Flavorah,Fried Dough
FLV,Flavorah,Frosting
FLV,Flavorah,Ginger
FLV,Flavorah,Ginger Snap
FLV,Flavorah,Graham Cracker
FLV,Flavorah,Granola
FLV,Flavorah,Grape
FLV,Flavorah,Greek Yogurt
FLV,Flavorah,Green Apple
FLV,Flavorah,Guanabana
FLV,Flavorah,Honey Bee
FLV,Flavorah,Ice
FLV,Flavorah,Irish Cream
FLV,Flavorah,Jackfruit
FLV,Flavorah,Kentucky Blend
FLV,Flavorah,Lemon
FLV,Flavorah,Lemon Grass
FLV,Flavorah,Lemon Tea
FLV,Flavorah,Lemonade
FLV,Flavorah,Lime
FLV,Flavorah,Lime Wedge
FLV,Flavorah,Lychee
FLV,Flavorah,Macaroon
FLV,Flavorah,Mango
FLV,Flavorah,Maple Bar
FLV,Flavorah,Marshmallow
FLV,Flavorah,Milk
FLV,Flavorah,Milk and Honey
FLV,Flavorah,Milk Chocolate
FLV,Flavorah,Mocha
FLV,Flavorah,Native tobacco
FLV,Flavorah,Oak Barrel
FLV,Flavorah,Oatmeal Raisin
FLV,Flavorah,Orange Citrus
FLV,Flavorah,Oriental Tobacco
FLV,Flavorah,Papaya Punch
FLV,Flavorah,Passion Fruit
FLV,Flavorah,Pastry Zest
FLV,Flavorah,Peach
FLV,Flavorah,Peach Gummy
FLV,Flavorah,Peanut Butter
FLV,Flavorah,Pear
FLV,Flavorah,Persimmon
FLV,Flavorah,Pineapple
FLV,Flavorah,Pink Guava
FLV,Flavorah,Pistachio
FLV,Flavorah,Popcorn
FLV,Flavorah,Pound Cake
FLV,Flavorah,Pumpkin Spice
FLV,Flavorah,Raisin Rum
FLV,Flavorah,Raspberry
FLV,Flavorah,Red Apple
FLV,Flavorah,Red Burley
FLV,Flavorah,Red Raspberry
FLV,Flavorah,Rich Cinnamon
FLV,Flavorah,Root Beer
FLV,Flavorah,Smoked Butterscotch
FLV,Flavorah,Smooth Vanilla
FLV,Flavorah,Sour Apple
FLV,Flavorah,Soursop
FLV,Flavorah,Spearmint
FLV,Flavorah,Strawberry
FLV,Flavorah,Strawberry Cream
FLV,Flavorah,Strawberry Filling
FLV,Flavorah,Strawberry Smash
FLV,Flavorah,Sweet Coconut
FLV,Flavorah,Sweet Cream
FLV,Flavorah,Sweet Dough
FLV,Flavorah,Sweetness
FLV,Flavorah,Tangerine
FLV,Flavorah,Tatanka Tobacco
FLV,Flavorah,Thai Chai
FLV,Flavorah,Toffee
FLV,Flavorah,Tricks Cereal
FLV,Flavorah,Tropical Citrus
FLV,Flavorah,Tropical Punch
FLV,Flavorah,Turkish Tobacco
FLV,Flavorah,Vanilla Bean
FLV,Flavorah,Vanilla Custard
FLV,Flavorah,Vanilla Pudding
FLV,Flavorah,Virginia Tobacco
FLV,Flavorah,Watermelon
FLV,Flavorah,Whipped Cream
FLV,Flavorah,White Chocolate
FLV,Flavorah,Wild Melon
FLV,Flavorah,Yakima Hops
INW,Inawera,555 Gold
INW,Inawera,7 Leaves
INW,Inawera,Almond
INW,Inawera,Am4A
INW,Inawera,Anise
INW,Inawera,Anton Apple YC
INW,Inawera,Apple
INW,Inawera,Apricot
INW,Inawera,Bahraini Apple Gold
INW,Inawera,Banana
INW,Inawera,Biscuit
INW,Inawera,Black Cherry
INW,Inawera,Black Cherry for Pipe
INW,Inawera,Black For Pipe Classic
INW,Inawera,Black Fruit Mint
INW,Inawera,Black Jack Tobacco
INW,Inawera,Blackberry and Raspberry
INW,Inawera,Blackcurrant
INW,Inawera,Blueberry
INW,Inawera,Brandy
INW,Inawera,Bubble Gum Donald
INW,Inawera,Bubble Gum Yummy Classic
INW,Inawera,Burley
INW,Inawera,Cactus
INW,Inawera,Cactus Lime
INW,Inawera,Cake Lemon
INW,Inawera,Cappuccino
INW,Inawera,Caramel
INW,Inawera,Caribbean Blend
INW,Inawera,Cherimoya YC
INW,Inawera,Cherries
INW,Inawera,Cherry
INW,Inawera,Chocolate
INW,Inawera,Chocolate Cream
INW,Inawera,Coconut
INW,Inawera,Coconut Cookies
INW,Inawera,Cocopilada
INW,Inawera,Coffee
INW,Inawera,Cola
INW,Inawera,Creme Brulee
INW,Inawera,Custard
INW,Inawera,Cytryna
INW,Inawera,Dark For Pipe Classic
INW,Inawera,Desert Ship
INW,Inawera,Dragon Fruit
INW,Inawera,Dromedary
INW,Inawera,Ethyl Maltol 10
INW,Inawera,Eucalyptus and Mint
INW,Inawera,Exotic
INW,Inawera,Flue Cured Tobacco TdM
INW,Inawera,French Pipe
INW,Inawera,Gold Ducat
INW,Inawera,Grape
INW,Inawera,Grapefruit
INW,Inawera,Grapes
INW,Inawera,Honey
INW,Inawera,Jamaican Rum
INW,Inawera,Juicy Lemon
INW,Inawera,kiwi
INW,Inawera,Lemon
INW,Inawera,Lemon Mix WG
INW,Inawera,Licorice
INW,Inawera,Lime
INW,Inawera,Mango
INW,Inawera,Marzipan
INW,Inawera,Melon
INW,Inawera,Menthol
INW,Inawera,Milk Chocolate
INW,Inawera,Mint
INW,Inawera,Miss Cream
INW,Inawera,Mississippi
INW,Inawera,Mixed Mint
INW,Inawera,Mocha
INW,Inawera,Natural Mint
INW,Inawera,Nugat
INW,Inawera,Nutty Princess
INW,Inawera,Orange
INW,Inawera,Peach
INW,Inawera,Peanuts
INW,Inawera,Pear
INW,Inawera,Pina Colada
INW,Inawera,Pineapple
INW,Inawera,Pink Panther
INW,Inawera,Plum
INW,Inawera,Purple Gum
INW,Inawera,Raspberry
INW,Inawera,Red Fruits And Mint
INW,Inawera,Rhubarb YC
INW,Inawera,Sesame Sweets
INW,Inawera,Shisha Apple
INW,Inawera,Shisha Banana
INW,Inawera,Shisha Bilberry
INW,Inawera,Shisha Cherry
INW,Inawera,Shisha Coconut
INW,Inawera,Shisha Golden Apple
INW,Inawera,Shisha Lemon
INW,Inawera,Shisha Lime
INW,Inawera,Shisha Mango
INW,Inawera,Shisha Orange
INW,Inawera,Shisha Pineapple
INW,Inawera,Shisha Raspberry
INW,Inawera,Shisha Strawberry
INW,Inawera,Shisha Vanilla
INW,Inawera,Smoked Plum
INW,Inawera,Sparkling Wine
INW,Inawera,Spicy Biscuit
INW,Inawera,Strawberry
INW,Inawera,Strawberry kiss
INW,Inawera,Strawberry Wild
INW,Inawera,Sweet Sour
INW,Inawera,Tiramisu
INW,Inawera,tobacco absolute cigar
INW,Inawera,Tobacco Absolute Garuda
INW,Inawera,Tobacco Absolute Virginia
INW,Inawera,Tobacco Cavendish WG
INW,Inawera,Tobacco DNB
INW,Inawera,Tobacco Symphony
INW,Inawera,Two Apples
INW,Inawera,Vanilla
INW,Inawera,Vanilla Bourbon
INW,Inawera,Vanilla Classic
INW,Inawera,Vanilla Cream
INW,Inawera,Vanilla for Pipe
INW,Inawera,Virginia
INW,Inawera,Waffle
INW,Inawera,Watermelon
INW,Inawera,White Grapefruit
INW,Inawera,Yes We Cheesecake
TPA,The Flavor Apprentice,20 Cream
TPA,The Flavor Apprentice,Absinthe
TPA,The Flavor Apprentice,Absinthe II
TPA,The Flavor Apprentice,Acai Berry
TPA,The Flavor Apprentice,Acetyl Pyrazine 5
TPA,The Flavor Apprentice,Almond
TPA,The Flavor Apprentice,Almond Amaretto
TPA,The Flavor Apprentice,American Red Tobacco
TPA,The Flavor Apprentice,Anise
TPA,The Flavor Apprentice,Apple
TPA,The Flavor Apprentice,Apple Candy
TPA,The Flavor Apprentice,Apple Pie
TPA,The Flavor Apprentice,Apricot
TPA,The Flavor Apprentice,Banana
TPA,The Flavor Apprentice,Banana Cream
TPA,The Flavor Apprentice,Banana Nut Bread
TPA,The Flavor Apprentice,Bananas Foster
TPA,The Flavor Apprentice,Bavarian Cream
TPA,The Flavor Apprentice,Berry
TPA,The Flavor Apprentice,Berry Mix
TPA,The Flavor Apprentice,Bittersweet Chocolate
TPA,The Flavor Apprentice,Black Cherry
TPA,The Flavor Apprentice,Black Currant
TPA,The Flavor Apprentice,Black Honey
TPA,The Flavor Apprentice,Black Tea
TPA,The Flavor Apprentice,Blackberry
TPA,The Flavor Apprentice,Blood Orange
TPA,The Flavor Apprentice,Blue Raspberry
TPA,The Flavor Apprentice,Blueberry
TPA,The Flavor Apprentice,Blueberry Candy
TPA,The Flavor Apprentice,Blueberry Extra
TPA,The Flavor Apprentice,Blueberry Wild
TPA,The Flavor Apprentice,Bourbon
TPA,The Flavor Apprentice,Boysenberry
TPA,The Flavor Apprentice,Boysenberry Deluxe
TPA,The Flavor Apprentice,Brandy
TPA,The Flavor Apprentice,Brown Sugar
TPA,The Flavor Apprentice,Bubblegum
TPA,The Flavor Apprentice,Butter
TPA,The Flavor Apprentice,Butterscotch
TPA,The Flavor Apprentice,Cantaloupe
TPA,The Flavor Apprentice,Cappuccino
TPA,The Flavor Apprentice,Caramel
TPA,The Flavor Apprentice,Caramel Candy
TPA,The Flavor Apprentice,Caramel Cappuccino
TPA,The Flavor Apprentice,Caramel Original
TPA,The Flavor Apprentice,caramel v2
TPA,The Flavor Apprentice,Chai Tea
TPA,The Flavor Apprentice,Champagne
TPA,The Flavor Apprentice,Cheesecake
TPA,The Flavor Apprentice,Cherry Blossom
TPA,The Flavor Apprentice,Cherry Extract
TPA,The Flavor Apprentice,Chocolate
TPA,The Flavor Apprentice,Chocolate Coconut Almond Candy Bar
TPA,The Flavor Apprentice,Cigarillo
TPA,The Flavor Apprentice,Cinnamon
TPA,The Flavor Apprentice,Cinnamon Danish
TPA,The Flavor Apprentice,Cinnamon Red Hot
TPA,The Flavor Apprentice,Cinnamon Spice
TPA,The Flavor Apprentice,Cinnamon Sugar Cookie
TPA,The Flavor Apprentice,Citrus Punch
TPA,The Flavor Apprentice,Citrus Punch II
TPA,The Flavor Apprentice,Clove
TPA,The Flavor Apprentice,Cocoa Rounds
TPA,The Flavor Apprentice,Coconut
TPA,The Flavor Apprentice,Coconut Candy
TPA,The Flavor Apprentice,Coconut Extra
TPA,The Flavor Apprentice,Coffee
TPA,The Flavor Apprentice,Coffee Extra
TPA,The Flavor Apprentice,Cola
TPA,The Flavor Apprentice,Cola Cherry
TPA,The Flavor Apprentice,Cola Syrup
TPA,The Flavor Apprentice,Condensed Milk
TPA,The Flavor Apprentice,Cotton Candy
TPA,The Flavor Apprentice,Cranberry
TPA,The Flavor Apprentice,Cranberry Sauce
TPA,The Flavor Apprentice,Cream Soda
TPA,The Flavor Apprentice,Creme de Menthe
TPA,The Flavor Apprentice,Creme De Menthe II
TPA,The Flavor Apprentice,Crunchy
TPA,The Flavor Apprentice,Cubano Type
TPA,The Flavor Apprentice,Cucumber
TPA,The Flavor Apprentice,Dairy Milk
TPA,The Flavor Apprentice,Dark Rum
TPA,The Flavor Apprentice,DK Tobacco Base
TPA,The Flavor Apprentice,Double Chocolate
TPA,The Flavor Apprentice,Dr Pop
TPA,The Flavor Apprentice,Dragonfruit
TPA,The Flavor Apprentice,Dulce de Leche
TPA,The Flavor Apprentice,Dulce de Leche Caramel
TPA,The Flavor Apprentice,DX French Vanilla
TPA,The Flavor Apprentice,DX Vanilla Custard
TPA,The Flavor Apprentice,DX Whipped Cream
TPA,The Flavor Apprentice,Earl Grey Tea
TPA,The Flavor Apprentice,Eggnog
TPA,The Flavor Apprentice,Elderberry
TPA,The Flavor Apprentice,Energy Drink
TPA,The Flavor Apprentice,English Toffee
TPA,The Flavor Apprentice,Espresso
TPA,The Flavor Apprentice,Ethyl Malthol 5
TPA,The Flavor Apprentice,Ethyl Vanillin 10
TPA,The Flavor Apprentice,Eucalyptus
TPA,The Flavor Apprentice,French Vanilla
TPA,The Flavor Apprentice,French Vanilla Creme
TPA,The Flavor Apprentice,French Vanilla Deluxe
TPA,The Flavor Apprentice,French Vanilla II
TPA,The Flavor Apprentice,Frosted Donut
TPA,The Flavor Apprentice,Fruit Circles
TPA,The Flavor Apprentice,Fruit Circles with Milk
TPA,The Flavor Apprentice,Fruity Stick Gum
TPA,The Flavor Apprentice,Fudge Brownie
TPA,The Flavor Apprentice,Ginger Ale
TPA,The Flavor Apprentice,Gingerbread
TPA,The Flavor Apprentice,Gingerbread Cookie
TPA,The Flavor Apprentice,Graham Cracker
TPA,The Flavor Apprentice,Grape Candy
TPA,The Flavor Apprentice,Grape Juice
TPA,The Flavor Apprentice,Grape Soda
TPA,The Flavor Apprentice,Greek Yogurt
TPA,The Flavor Apprentice,Green Apple
TPA,The Flavor Apprentice,Green Tea
TPA,The Flavor Apprentice,Guava
TPA,The Flavor Apprentice,Gummy Candy
TPA,The Flavor Apprentice,Hawaiian Drink
TPA,The Flavor Apprentice,Hazelnut
TPA,The Flavor Apprentice,Hazelnut Praline
TPA,The Flavor Apprentice,Hibiscus
TPA,The Flavor Apprentice,Holiday Spice
TPA,The Flavor Apprentice,Honey
TPA,The Flavor Apprentice,Honey Circles Cereal
TPA,The Flavor Apprentice,Honeydew
TPA,The Flavor Apprentice,Honeydew II
TPA,The Flavor Apprentice,Honeysuckle
TPA,The Flavor Apprentice,Horchata
TPA,The Flavor Apprentice,Horchata Smooth
TPA,The Flavor Apprentice,Horehound
TPA,The Flavor Apprentice,Hpno Type
TPA,The Flavor Apprentice,Huckleberry
TPA,The Flavor Apprentice,Hypno
TPA,The Flavor Apprentice,Irish Cream
TPA,The Flavor Apprentice,Jackfruit
TPA,The Flavor Apprentice,Jamaican Rum
TPA,The Flavor Apprentice,Juicy Peach
TPA,The Flavor Apprentice,kalua and cream
TPA,The Flavor Apprentice,Kentucky Bourbon
TPA,The Flavor Apprentice,Kettle Corn
TPA,The Flavor Apprentice,Key Lime
TPA,The Flavor Apprentice,Key Lime Pie
TPA,The Flavor Apprentice,Kiwi
TPA,The Flavor Apprentice,Koolada 10
TPA,The Flavor Apprentice,Lemon
TPA,The Flavor Apprentice,Lemon II
TPA,The Flavor Apprentice,Lemon Lime
TPA,The Flavor Apprentice,Lemon Lime II
TPA,The Flavor Apprentice,Lemonade Cookie
TPA,The Flavor Apprentice,Lucky Leprechaun Cereal
TPA,The Flavor Apprentice,Lychee
TPA,The Flavor Apprentice,Madagascar Bourbon Vanilla
TPA,The Flavor Apprentice,Malted Milk
TPA,The Flavor Apprentice,Mango
TPA,The Flavor Apprentice,Maple
TPA,The Flavor Apprentice,Maple Syrup
TPA,The Flavor Apprentice,Maraschino Cherry
TPA,The Flavor Apprentice,Marshmallow
TPA,The Flavor Apprentice,Mary Jane
TPA,The Flavor Apprentice,Menthol
TPA,The Flavor Apprentice,Menthol 10
TPA,The Flavor Apprentice,Meringue
TPA,The Flavor Apprentice,Mexican Coffee
TPA,The Flavor Apprentice,Mexican Liqueur
TPA,The Flavor Apprentice,Milk Chocolate
TPA,The Flavor Apprentice,MilkDairy
TPA,The Flavor Apprentice,Mint Candy
TPA,The Flavor Apprentice,Mocha
TPA,The Flavor Apprentice,Mojito
TPA,The Flavor Apprentice,Mojito Havana
TPA,The Flavor Apprentice,Molasses
TPA,The Flavor Apprentice,M-Type Premium
TPA,The Flavor Apprentice,Musk Candy
TPA,The Flavor Apprentice,Nectarine
TPA,The Flavor Apprentice,Oatmeal Cookie
TPA,The Flavor Apprentice,Orange Cream
TPA,The Flavor Apprentice,Orange Mandarin
TPA,The Flavor Apprentice,Pancake
TPA,The Flavor Apprentice,Papaya
TPA,The Flavor Apprentice,Passion Fruit
TPA,The Flavor Apprentice,Peach
TPA,The Flavor Apprentice,Peanut Butter
TPA,The Flavor Apprentice,Pear
TPA,The Flavor Apprentice,Pear Candy
TPA,The Flavor Apprentice,Pecan
TPA,The Flavor Apprentice,Peppermint
TPA,The Flavor Apprentice,Peppermint II
TPA,The Flavor Apprentice,Philippine Mango
TPA,The Flavor Apprentice,Pie Crust
TPA,The Flavor Apprentice,Pina Colada
TPA,The Flavor Apprentice,Pineapple
TPA,The Flavor Apprentice,Pineapple Juicy
TPA,The Flavor Apprentice,Pistachio
TPA,The Flavor Apprentice,Plum
TPA,The Flavor Apprentice,Pomegranate
TPA,The Flavor Apprentice,Pomegranate Deluxe
TPA,The Flavor Apprentice,Popcorn
TPA,The Flavor Apprentice,Popcorn Movie Theater
TPA,The Flavor Apprentice,Pralines and Cream
TPA,The Flavor Apprentice,Pumpkin
TPA,The Flavor Apprentice,Pumpkin Spice
TPA,The Flavor Apprentice,Quince
TPA,The Flavor Apprentice,Rainbow Drops
TPA,The Flavor Apprentice,Rainbow Sherbet
TPA,The Flavor Apprentice,Raisin
TPA,The Flavor Apprentice,Raspberry
TPA,The Flavor Apprentice,Raspberry Sweet
TPA,The Flavor Apprentice,Red Licorice
TPA,The Flavor Apprentice,Red Oak
TPA,The Flavor Apprentice,Red Type Blend
TPA,The Flavor Apprentice,Red Type II Blend
TPA,The Flavor Apprentice,Red Velvet
TPA,The Flavor Apprentice,Red Velvet Cake
TPA,The Flavor Apprentice,Rice Crunchies
TPA,The Flavor Apprentice,Ripe Banana
TPA,The Flavor Apprentice,Root Beer
TPA,The Flavor Apprentice,Root Beer Float
TPA,The Flavor Apprentice,Rose Candy
TPA,The Flavor Apprentice,RY4
TPA,The Flavor Apprentice,RY4 Asian
TPA,The Flavor Apprentice,RY4 Double
TPA,The Flavor Apprentice,Silly Rabbit
TPA,The Flavor Apprentice,Slim Mint Cookie
TPA,The Flavor Apprentice,Smooth
TPA,The Flavor Apprentice,Sour
TPA,The Flavor Apprentice,Spearmint
TPA,The Flavor Apprentice,Strawberries and Cream
TPA,The Flavor Apprentice,Strawberry
TPA,The Flavor Apprentice,Strawberry lemonade
TPA,The Flavor Apprentice,Strawberry Organic
TPA,The Flavor Apprentice,Strawberry Ripe
TPA,The Flavor Apprentice,Swedish Gummy
TPA,The Flavor Apprentice,Sweet and Tart
TPA,The Flavor Apprentice,Sweet Cereal Flakes
TPA,The Flavor Apprentice,Sweet Cream
TPA,The Flavor Apprentice,Sweet Cream DX
TPA,The Flavor Apprentice,Sweet Tea
TPA,The Flavor Apprentice,Sweetener
TPA,The Flavor Apprentice,Taro
TPA,The Flavor Apprentice,Tiramisu
TPA,The Flavor Apprentice,Toasted Almond
TPA,The Flavor Apprentice,Toasted Marshmallow
TPA,The Flavor Apprentice,Tobacco
TPA,The Flavor Apprentice,Tobacco Blend
TPA,The Flavor Apprentice,Turkish
TPA,The Flavor Apprentice,Tutti Frutti Deluxe
TPA,The Flavor Apprentice,Vanilla
TPA,The Flavor Apprentice,Vanilla Bean Gelato
TPA,The Flavor Apprentice,Vanilla Bean Ice Cream
TPA,The Flavor Apprentice,Vanilla Cupcake
TPA,The Flavor Apprentice,Vanilla Custard
TPA,The Flavor Apprentice,Vanilla Swirl
TPA,The Flavor Apprentice,Vanillin 10
TPA,The Flavor Apprentice,Violet Candy
TPA,The Flavor Apprentice,Waffle
TPA,The Flavor Apprentice,Watermelon
TPA,The Flavor Apprentice,Watermelon Candy
TPA,The Flavor Apprentice,Western
TPA,The Flavor Apprentice,Whipped Cream
TPA,The Flavor Apprentice,White Chocolate
TPA,The Flavor Apprentice,Wintergreen
TPA,The Flavor Apprentice,Yam
